{"loss": [0.8088304400444031, 0.7386200428009033], "accuracy": [0.7543749809265137, 0.784375011920929], "val_loss": [0.3922845423221588, 0.37070590257644653], "val_accuracy": [0.8987500071525574, 0.9037500023841858]}